Residue_Position,Entropy_Score,Low_Entropy_Region_Threshold_0.9,Exposed,Bom,Z,Bundi,TF,Reston,Sudan,Low_Entropy_Exposed
1,0.6500224216483541,Low,False,-,-,-,-,M,-,False
2,1.2516291673878228,High,False,-,M,M,M,G,M,False
3,2.2516291673878226,High,False,-,G,V,G,S,E,False
4,2.2516291673878226,High,False,-,V,T,A,G,G,False
5,2.2516291673878226,High,False,-,T,S,S,Y,L,False
6,1.7924812503605778,High,False,M,G,G,G,Q,S,False
7,0.9182958340544896,High,False,I,I,I,I,L,L,False
8,-0.0,Low,False,L,L,L,L,L,L,False
9,-0.0,Low,False,Q,Q,Q,Q,Q,Q,False
10,0.6500224216483541,Low,False,V,L,L,L,L,L,False
11,-0.0,Low,False,P,P,P,P,P,P,False
12,0.6500224216483541,Low,False,E,R,R,R,R,R,False
13,1.4591479170272448,High,False,K,D,E,E,E,D,False
14,0.6500224216483541,Low,False,R,R,R,R,R,K,False
15,0.6500224216483541,Low,False,H,F,F,F,F,F,False
16,1.2516291673878228,High,False,Q,K,R,R,R,R,False
17,0.9182958340544896,High,False,R,R,K,K,K,K,False
18,0.6500224216483541,Low,False,T,T,T,T,T,S,False
19,0.6500224216483541,Low,False,V,S,S,S,S,S,False
20,0.6500224216483541,Low,False,L,F,F,F,F,F,False
21,0.6500224216483541,Low,False,F,F,F,F,L,F,False
22,1.2516291673878228,High,False,I,L,V,V,V,V,False
23,-0.0,Low,False,W,W,W,W,W,W,False
24,0.6500224216483541,Low,False,L,V,V,V,V,V,False
25,0.6500224216483541,Low,False,V,I,I,I,I,I,False
26,-0.0,Low,False,I,I,I,I,I,I,False
27,-0.0,Low,False,L,L,L,L,L,L,False
28,-0.0,Low,False,F,F,F,F,F,F,False
29,0.9182958340544896,High,False,Q,Q,H,H,Q,Q,False
30,1.0,High,False,R,R,K,K,R,K,False
31,1.4591479170272446,High,False,A,T,V,V,A,A,False
32,1.2516291673878228,High,False,V,F,F,F,I,F,False
33,0.6500224216483541,Low,False,S,S,P,S,S,S,False
34,1.4591479170272448,High,False,V,I,I,I,M,M,False
35,-0.0,Low,False,P,P,P,P,P,P,False
36,-0.0,Low,False,L,L,L,L,L,L,False
37,-0.0,Low,False,G,G,G,G,G,G,False
38,0.6500224216483541,Low,False,V,V,V,V,I,V,False
39,0.9182958340544896,High,False,I,I,V,V,V,V,False
40,0.9182958340544896,High,False,H,H,H,H,T,T,False
41,-0.0,Low,False,N,N,N,N,N,N,False
42,0.9182958340544896,High,False,S,S,N,N,S,S,False
43,-0.0,Low,False,T,T,T,T,T,T,False
44,-0.0,Low,False,L,L,L,L,L,L,False
45,1.2516291673878228,High,False,Q,Q,Q,Q,K,E,False
46,0.6500224216483541,Low,False,V,V,V,V,A,V,False
47,1.4591479170272448,High,False,S,N,S,S,T,T,False
48,0.9182958340544896,High,False,D,D,D,D,E,E,False
49,0.6500224216483541,Low,False,I,V,I,I,I,I,False
50,-0.0,Low,False,D,D,D,D,D,D,False
51,0.9182958340544896,High,False,K,K,K,K,Q,Q,False
52,0.6500224216483541,Low,False,L,L,L,F,L,L,False
53,-0.0,Low,False,V,V,V,V,V,V,False
54,-0.0,Low,False,C,C,C,C,C,C,False
55,1.2516291673878228,High,False,H,R,R,R,R,K,False
56,-0.0,Low,False,D,D,D,D,D,D,False
57,0.6500224216483541,Low,False,K,K,K,K,K,H,False
58,-0.0,Low,False,L,L,L,L,L,L,False
59,1.2516291673878228,High,False,T,S,S,S,S,A,False
60,-0.0,Low,False,S,S,S,S,S,S,False
61,-0.0,Low,False,	,	,	,	,	,	,False
62,0.6500224216483541,Low,False,5,5,5,5,6,5,False
63,1.2516291673878228,High,False,5,9,9,9,0,9,False
64,-0.0,Low,False,T,T,T,T,T,T,False
65,1.4591479170272448,High,False,N,N,S,S,S,D,False
66,-0.0,Low,False,Q,Q,Q,Q,Q,Q,False
67,-0.0,Low,False,L,L,L,L,L,L,False
68,0.9182958340544896,High,False,R,R,K,K,K,K,False
69,-0.0,Low,False,S,S,S,S,S,S,False
70,0.6500224216483541,Low,False,I,V,V,V,V,V,False
71,-0.0,Low,False,G,G,G,G,G,G,False
72,-0.0,Low,False,L,L,L,L,L,L,False
73,-0.0,Low,False,N,N,N,N,N,N,False
74,-0.0,Low,False,L,L,L,L,L,L,False
75,-0.0,Low,False,E,E,E,E,E,E,False
76,-0.0,Low,False,G,G,G,G,G,G,False
77,0.6500224216483541,Low,False,N,N,N,N,N,S,False
78,-0.0,Low,False,G,G,G,G,G,G,False
79,0.9182958340544896,High,False,I,V,V,V,I,V,False
80,0.6500224216483541,Low,False,A,A,A,A,A,S,False
81,-0.0,Low,False,T,T,T,T,T,T,False
82,-0.0,Low,False,D,D,D,D,D,D,False
83,0.6500224216483541,Low,False,V,V,V,V,V,I,False
84,-0.0,Low,False,P,P,P,P,P,P,False
85,0.9182958340544896,High,False,S,S,T,T,S,S,False
86,-0.0,Low,False,A,A,A,A,A,A,False
87,-0.0,Low,False,T,T,T,T,T,T,False
88,-0.0,Low,False,K,K,K,K,K,K,False
89,-0.0,Low,False,R,R,R,R,R,R,False
90,-0.0,Low,False,W,W,W,W,W,W,False
91,-0.0,Low,False,G,G,G,G,G,G,False
92,-0.0,Low,False,F,F,F,F,F,F,False
93,-0.0,Low,False,R,R,R,R,R,R,False
94,1.0,High,False,A,S,A,A,S,S,False
95,-0.0,Low,False,G,G,G,G,G,G,False
96,-0.0,Low,False,V,V,V,V,V,V,False
97,-0.0,Low,False,P,P,P,P,P,P,False
98,-0.0,Low,False,P,P,P,P,P,P,False
99,0.6500224216483541,Low,False,K,K,K,K,K,Q,False
100,-0.0,Low,False,V,V,V,V,V,V,False
101,-0.0,Low,False,V,V,V,V,V,V,False
102,1.4591479170272446,High,False,G,N,N,N,S,S,False
103,-0.0,Low,False,Y,Y,Y,Y,Y,Y,False
104,-0.0,Low,False,E,E,E,E,E,E,False
105,-0.0,Low,False,A,A,A,A,A,A,False
106,-0.0,Low,False,G,G,G,G,G,G,False
107,-0.0,Low,False,E,E,E,E,E,E,False
108,-0.0,Low,False,W,W,W,W,W,W,False
109,-0.0,Low,False,A,A,A,A,A,A,False
110,-0.0,Low,False,E,E,E,E,E,E,False
111,-0.0,Low,False,N,N,N,N,N,N,False
112,-0.0,Low,False,C,C,C,C,C,C,False
113,-0.0,Low,False,Y,Y,Y,Y,Y,Y,False
114,-0.0,Low,False,N,N,N,N,N,N,False
115,-0.0,Low,False,L,L,L,L,L,L,False
116,1.2516291673878228,High,False,E,E,D,A,E,E,False
117,-0.0,Low,False,I,I,I,I,I,I,False
118,-0.0,Low,False,K,K,K,K,K,K,False
119,-0.0,Low,False,K,K,K,K,K,K,False
120,1.7924812503605778,High,False,P,P,A,V,S,P,False
121,-0.0,Low,False,D,D,D,D,D,D,False
122,-0.0,Low,False,G,G,G,G,G,G,False
123,-0.0,Low,False,S,S,S,S,S,S,False
124,-0.0,Low,False,	,	,	,	,	,	,False
125,-0.0,Low,False,1,1,1,1,1,1,False
126,0.6500224216483541,Low,False,1,1,1,1,2,1,False
127,1.2516291673878228,High,False,5,9,9,9,0,9,False
128,-0.0,Low,False,E,E,E,E,E,E,False
129,-0.0,Low,False,C,C,C,C,C,C,False
130,-0.0,Low,False,L,L,L,L,L,L,False
131,-0.0,Low,False,P,P,P,P,P,P,False
132,2.251629167387823,High,False,M,A,E,E,L,P,False
133,0.9182958340544896,High,False,A,A,A,A,P,P,False
134,-0.0,Low,False,P,P,P,P,P,P,False
135,1.0,High,False,E,D,E,E,D,D,False
136,-0.0,Low,False,G,G,G,G,G,G,False
137,0.9182958340544896,High,False,I,I,V,V,V,V,False
138,-0.0,Low,False,R,R,R,R,R,R,False
139,0.6500224216483541,Low,False,G,G,G,D,G,G,False
140,-0.0,Low,False,F,F,F,F,F,F,False
141,-0.0,Low,False,P,P,P,P,P,P,False
142,-0.0,Low,False,R,R,R,R,R,R,False
143,-0.0,Low,False,C,C,C,C,C,C,False
144,-0.0,Low,False,R,R,R,R,R,R,False
145,-0.0,Low,False,Y,Y,Y,Y,Y,Y,False
146,-0.0,Low,False,V,V,V,V,V,V,False
147,-0.0,Low,False,H,H,H,H,H,H,False
148,-0.0,Low,False,K,K,K,K,K,K,False
149,0.6500224216483541,Low,False,V,V,V,V,V,A,False
150,0.9182958340544896,High,False,S,S,S,S,Q,Q,False
151,-0.0,Low,False,G,G,G,G,G,G,False
152,-0.0,Low,False,T,T,T,T,T,T,False
153,-0.0,Low,False,G,G,G,G,G,G,False
154,0.6500224216483541,Low,False,S,P,P,P,P,P,False
155,-0.0,Low,False,C,C,C,C,C,C,False
156,1.2516291673878228,High,False,E,A,P,P,P,P,False
157,1.2516291673878228,High,False,S,G,E,G,G,G,False
158,1.0,High,False,G,D,G,G,D,D,False
159,1.584962500721156,High,False,F,F,Y,L,L,Y,False
160,-0.0,Low,False,A,A,A,A,A,A,False
161,-0.0,Low,False,F,F,F,F,F,F,False
162,-0.0,Low,False,H,H,H,H,H,H,False
163,-0.0,Low,False,K,K,K,K,K,K,False
164,1.2516291673878228,High,False,E,E,E,E,N,D,False
165,-0.0,Low,False,G,G,G,G,G,G,False
166,-0.0,Low,False,A,A,A,A,A,A,False
167,-0.0,Low,False,F,F,F,F,F,F,False
168,-0.0,Low,False,F,F,F,F,F,F,False
169,-0.0,Low,False,L,L,L,L,L,L,False
170,-0.0,Low,False,Y,Y,Y,Y,Y,Y,False
171,-0.0,Low,False,D,D,D,D,D,D,False
172,-0.0,Low,False,R,R,R,R,R,R,False
173,-0.0,Low,False,L,L,L,L,L,L,False
174,-0.0,Low,False,A,A,A,A,A,A,False
175,-0.0,Low,False,S,S,S,S,S,S,False
176,-0.0,Low,False,T,T,T,T,T,T,False
177,1.0,High,False,I,V,I,I,V,V,False
178,-0.0,Low,False,I,I,I,I,I,I,False
179,-0.0,Low,False,Y,Y,Y,Y,Y,Y,False
180,-0.0,Low,True,R,R,R,R,R,R,True
181,0.6500224216483541,Low,True,G,G,S,G,G,G,True
182,0.6500224216483541,Low,True,T,T,T,T,T,V,True
183,0.6500224216483541,Low,True,T,T,T,T,T,N,True
184,-0.0,Low,True,F,F,F,F,F,F,True
185,0.6500224216483541,Low,True,A,A,S,A,A,A,True
186,-0.0,Low,True,E,E,E,E,E,E,True
187,-0.0,Low,True,G,G,G,G,G,G,True
188,-0.0,Low,True,	,	,	,	,	,	,True
189,-0.0,Low,True,1,1,1,1,1,1,True
190,0.6500224216483541,Low,True,7,7,7,7,8,7,True
191,1.2516291673878228,High,True,5,9,9,9,0,9,False
192,-0.0,Low,True,V,V,V,V,V,V,True
193,0.9182958340544896,High,True,V,V,V,I,V,I,False
194,-0.0,Low,True,A,A,A,A,A,A,True
195,-0.0,Low,True,F,F,F,F,F,F,True
196,0.6500224216483541,Low,True,I,L,L,L,L,L,True
197,-0.0,Low,True,I,I,I,I,I,I,True
198,-0.0,Low,True,L,L,L,L,L,L,True
199,1.2516291673878228,High,True,P,P,P,P,S,A,False
200,1.4591479170272446,High,True,K,Q,E,K,E,K,False
201,1.4591479170272446,High,True,A,A,T,A,P,P,False
202,1.2516291673878228,High,True,E,K,K,R,K,K,False
203,0.6500224216483541,Low,True,K,K,K,K,K,E,True
204,1.7924812503605778,High,True,N,D,D,D,H,T,False
205,-0.0,Low,True,F,F,F,F,F,F,True
206,1.4591479170272446,High,True,L,F,F,F,W,L,False
207,1.2516291673878228,High,True,Q,S,Q,Q,K,Q,False
208,1.2516291673878228,High,True,P,S,S,S,A,S,False
209,1.2516291673878228,High,True,P,H,P,P,T,P,False
210,0.6500224216483541,Low,True,L,P,P,P,P,P,True
211,1.7924812503605778,High,True,T,L,L,L,A,I,False
212,1.4591479170272448,High,True,Q,R,H,H,H,R,False
213,0.6500224216483541,Low,True,G,E,E,E,E,E,True
214,0.6500224216483541,Low,True,P,P,P,P,P,A,True
215,1.4591479170272446,High,True,T,V,A,A,V,A,False
216,-0.0,Low,True,N,N,N,N,N,N,True
217,1.9182958340544893,High,True,T,A,M,M,T,Y,False
218,-0.0,Low,True,T,T,T,T,T,T,True
219,1.9182958340544893,High,True,N,E,T,T,D,E,False
220,0.6500224216483541,Low,True,D,D,D,D,D,N,True
221,1.2516291673878228,High,True,P,P,P,P,S,T,False
222,0.6500224216483541,Low,True,S,S,S,S,T,S,True
223,-0.0,Low,True,S,S,S,S,S,S,True
224,1.2516291673878228,High,True,M,G,Y,Y,Y,Y,False
225,-0.0,Low,True,Y,Y,Y,Y,Y,Y,True
226,1.7924812503605778,High,True,H,Y,H,H,M,A,False
227,0.9182958340544896,High,True,S,S,T,T,T,T,False
228,1.7924812503605778,High,True,T,T,V,T,L,S,False
229,0.6500224216483541,Low,True,T,T,T,T,T,Y,True
230,0.9182958340544896,High,True,L,I,L,I,L,L,False
231,1.9182958340544893,High,True,E,R,N,N,S,E,False
232,-0.0,Low,True,Y,Y,Y,Y,Y,Y,True
233,1.4591479170272446,High,True,E,Q,V,V,E,E,False
234,2.2516291673878226,High,True,T,A,A,V,M,I,False
235,1.9182958340544893,High,True,T,T,D,D,S,E,False
236,1.2516291673878228,High,True,R,G,N,N,N,N,False
237,-0.0,Low,True,F,F,F,F,F,F,True
238,-0.0,Low,True,G,G,G,G,G,G,True
239,1.2516291673878228,High,True,T,T,T,T,G,A,False
240,0.6500224216483541,Low,True,N,N,N,N,N,Q,True
241,2.2516291673878226,High,True,R,E,M,T,E,H,False
242,1.0,High,True,S,T,T,T,S,S,False
243,1.9182958340544896,High,True,A,E,N,E,N,T,False
244,1.4591479170272446,High,True,F,Y,F,F,T,T,False
245,0.6500224216483541,Low,True,W,L,L,L,L,L,True
246,-0.0,Low,True,F,F,F,F,F,F,True
247,1.4591479170272448,High,True,K,E,Q,Q,K,K,False
248,0.6500224216483541,Low,True,V,V,V,V,V,I,True
249,0.6500224216483541,Low,True,D,D,D,D,D,N,True
250,0.9182958340544896,High,True,N,N,H,H,N,N,False
251,1.2516291673878228,High,True,L,L,L,L,H,N,False
252,-0.0,Low,True,	,	,	,	,	,	,True
253,-0.0,Low,True,2,2,2,2,2,2,True
254,0.6500224216483541,Low,True,3,3,3,3,4,3,True
255,1.2516291673878228,High,True,5,9,9,9,0,9,False
256,-0.0,Low,True,T,T,T,T,T,T,True
257,0.9182958340544896,High,True,F,Y,Y,Y,Y,F,False
258,-0.0,Low,True,V,V,V,V,V,V,True
259,0.6500224216483541,Low,True,Q,Q,Q,Q,Q,L,True
260,-0.0,Low,True,L,L,L,L,L,L,True
261,0.9182958340544896,High,True,E,E,E,E,D,D,False
262,1.9182958340544896,High,True,S,S,P,A,R,R,False
263,0.9182958340544896,High,True,R,R,R,R,P,P,False
264,0.9182958340544896,High,True,F,F,F,F,H,H,False
265,-0.0,Low,True,T,T,T,T,T,T,True
266,-0.0,Low,True,P,P,P,P,P,P,True
267,-0.0,Low,True,Q,Q,Q,Q,Q,Q,True
268,-0.0,Low,True,F,F,F,F,F,F,True
269,-0.0,Low,True,L,L,L,L,L,L,True
270,1.2516291673878228,High,True,V,L,V,V,V,F,False
271,1.2516291673878228,High,True,E,Q,Q,L,Q,Q,False
272,-0.0,Low,True,L,L,L,L,L,L,True
273,-0.0,Low,True,N,N,N,N,N,N,True
274,0.6500224216483541,Low,True,E,E,E,E,E,D,True
275,-0.0,Low,True,T,T,T,T,T,T,True
276,0.6500224216483541,Low,True,I,I,I,I,L,I,True
277,1.2516291673878228,High,True,Y,Y,Y,Y,R,Q,False
278,2.251629167387823,High,True,I,T,T,S,R,L,False
279,2.2516291673878226,High,True,E,S,N,D,N,H,False
280,1.4591479170272446,High,True,G,G,G,N,N,Q,False
281,1.4591479170272448,High,True,K,K,R,R,R,Q,False
282,0.9182958340544896,High,True,R,R,R,R,L,L,False
283,-0.0,Low,True,S,S,S,S,S,S,True
284,-0.0,Low,True,N,N,N,N,N,N,True
285,0.6500224216483541,Low,True,T,T,T,T,S,T,True
286,-0.0,Low,True,T,T,T,T,T,T,True
287,-0.0,Low,True,G,G,G,G,G,G,True
288,1.4591479170272448,High,True,R,K,T,K,R,K,False
289,-0.0,Low,True,L,L,L,L,L,L,True
290,0.6500224216483541,Low,True,I,I,I,I,T,I,True
291,-0.0,Low,False,W,W,W,W,W,W,False
292,1.4591479170272446,High,False,Q,K,K,K,T,T,False
293,1.4591479170272448,High,False,V,V,V,I,L,L,False
294,0.9182958340544896,High,False,N,N,N,N,D,D,False
295,1.2516291673878228,High,False,S,P,P,P,P,A,False
296,2.251629167387823,High,False,R,E,T,T,K,N,False
297,1.0,High,False,V,I,V,V,I,I,False
298,1.2516291673878228,High,False,D,D,D,D,E,N,False
299,1.2516291673878228,High,False,T,T,T,T,P,A,False
300,1.7924812503605778,High,False,D,T,G,S,D,D,False
301,1.4591479170272448,High,False,V,I,V,M,V,I,False
302,-0.0,Low,False,G,G,G,G,G,G,False
303,-0.0,Low,False,E,E,E,E,E,E,False
304,-0.0,Low,False,W,W,W,W,W,W,False
305,-0.0,Low,False,A,A,A,A,A,A,False
306,-0.0,Low,False,F,F,F,F,F,F,False
307,-0.0,Low,False,W,W,W,W,W,W,False
308,-0.0,Low,False,E,E,E,E,E,E,False
309,0.9182958340544896,High,False,N,T,N,N,T,N,False
310,-0.0,Low,False,K,K,K,K,K,K,False
311,-0.0,Low,False,K,K,K,K,K,K,False
312,-0.0,Low,False,N,N,N,N,N,N,False
313,1.0,High,False,L,L,F,F,F,L,False
314,1.4591479170272446,High,False,K,T,T,T,S,S,False
315,1.7924812503605778,High,False,K,R,K,K,Q,E,False
316,-0.0,Low,False,	,	,	,	,	,	,False
317,0.6500224216483541,Low,False,2,2,2,2,3,2,False
318,0.6500224216483541,Low,False,9,9,9,9,0,9,False
319,1.2516291673878228,High,False,5,9,9,9,0,9,False
320,1.9182958340544893,High,False,S,K,T,T,Q,Q,False
321,1.2516291673878228,High,False,F,I,L,L,L,L,False
322,1.9182958340544896,High,False,P,R,S,S,H,R,False
323,1.4591479170272448,High,False,R,S,S,S,G,G,False
324,-0.0,Low,False,E,E,E,E,E,E,False
325,0.6500224216483541,Low,False,E,E,E,E,N,E,False
326,-0.0,Low,False,L,L,L,L,L,L,False
327,0.6500224216483541,Low,False,S,S,S,S,H,S,False
328,1.2516291673878228,High,False,L,F,V,F,F,F,False
329,2.584962500721156,High,False,A,T,I,V,Q,E,False
330,2.584962500721156,High,False,A,V,F,P,I,T,False
331,0.9182958340544896,High,False,V,V,V,V,L,L,False
332,1.0,High,False,P,S,P,P,S,S,False
333,2.2516291673878226,High,False,R,N,R,E,T,L,False
334,2.2516291673878226,High,False,A,G,A,T,H,N,False
335,1.9182958340544893,High,False,A,A,Q,Q,T,E,False
336,1.9182958340544893,High,False,D,K,D,N,N,T,False
337,2.251629167387823,High,False,S,N,P,Q,N,E,False
338,2.584962500721156,High,False,E,I,G,V,S,D,False
339,1.792481250360578,High,False,H,S,S,L,S,D,False
340,1.2516291673878228,High,False,D,G,N,D,D,D,False
341,1.4591479170272446,High,False,T,Q,Q,T,Q,A,False
342,1.9182958340544896,High,False,H,S,K,T,S,T,False
343,1.7924812503605778,High,False,P,P,T,A,P,S,False
344,2.2516291673878226,High,False,P,A,K,T,A,S,False
345,1.9182958340544896,High,False,E,R,V,V,G,R,False
346,1.2516291673878228,High,False,H,T,T,S,T,T,False
347,1.9182958340544893,High,False,T,S,P,P,V,T,False
348,2.2516291673878226,High,False,P,S,T,P,Q,K,False
349,1.7924812503605778,High,False,G,D,S,I,G,G,False
350,2.2516291673878226,High,False,P,P,F,S,K,R,False
351,1.9182958340544896,High,False,D,G,A,A,I,I,False
352,1.792481250360578,High,False,S,T,N,H,S,S,False
353,1.2516291673878228,High,False,N,N,N,N,Y,D,False
354,2.251629167387823,High,False,P,T,Q,H,H,R,False
355,1.4591479170272448,High,False,T,T,T,A,P,A,False
356,2.251629167387823,High,False,I,T,S,G,P,T,False
357,2.2516291673878226,High,False,N,E,K,E,A,R,False
358,1.4591479170272446,High,False,D,D,N,D,N,K,False
359,1.4591479170272446,High,False,N,H,H,H,N,Y,False
360,1.9182958340544896,High,False,T,K,E,K,S,S,False
361,1.4591479170272446,High,False,E,I,D,E,E,D,False
362,0.6500224216483541,Low,False,L,M,L,L,L,L,False
363,0.6500224216483541,Low,False,V,A,V,V,V,V,False
364,1.4591479170272446,High,False,T,S,P,S,P,P,False
365,1.2516291673878228,High,False,E,E,E,E,T,K,False
366,0.6500224216483541,Low,False,D,N,D,D,D,D,False
367,0.9182958340544896,High,False,P,S,P,S,S,S,False
368,1.9182958340544893,High,False,A,S,A,T,P,P,False
369,2.2516291673878226,High,False,H,A,S,P,P,G,False
370,1.4591479170272448,High,False,L,M,V,V,V,M,False
371,-0.0,Low,False,V,V,V,V,V,V,False
372,0.9182958340544896,High,False,Q,Q,Q,Q,S,S,False
373,1.4591479170272446,High,False,L,V,V,M,V,L,False
374,1.9182958340544896,High,False,Q,H,R,Q,L,H,False
375,2.584962500721156,High,False,R,S,D,N,T,V,False
376,2.2516291673878226,High,False,Q,Q,L,I,A,P,False
377,1.7924812503605778,High,False,G,G,Q,K,G,E,False
378,0.9182958340544896,High,False,R,R,R,G,R,G,False
379,1.4591479170272448,High,False,K,E,E,K,T,E,False
380,-0.0,Low,False,	,	,	,	,	,	,False
381,-0.0,Low,False,3,3,3,3,3,3,False
382,0.6500224216483541,Low,False,5,5,5,5,6,5,False
383,1.2516291673878228,High,False,5,9,9,9,0,9,False
384,2.2516291673878226,High,False,E,A,N,D,E,T,False
385,1.7924812503605778,High,False,I,A,T,T,E,T,False
386,1.584962500721156,High,False,L,V,V,M,M,L,False
387,0.9182958340544896,High,False,P,S,P,P,S,P,False
388,1.2516291673878228,High,False,T,H,T,T,T,S,False
389,1.9182958340544896,High,False,P,L,P,T,Q,Q,False
390,2.584962500721156,High,False,I,T,P,V,G,N,False
391,1.9182958340544893,High,False,P,T,P,T,L,S,False
392,1.9182958340544893,High,False,Q,L,-,-,T,T,False
393,1.9182958340544893,High,False,A,A,-,-,N,E,False
394,1.9182958340544896,High,False,I,T,-,-,G,G,False
395,1.9182958340544896,High,False,E,I,-,-,E,R,False
396,1.9182958340544893,High,False,R,S,-,-,T,R,False
397,2.2516291673878226,High,False,E,T,-,-,I,V,False
398,2.2516291673878226,High,False,P,S,-,-,T,D,False
399,1.2516291673878228,High,False,-,-,-,-,G,V,False
400,1.2516291673878228,High,False,-,-,-,-,F,N,False
401,0.9182958340544896,High,False,-,-,-,-,T,T,False
402,1.2516291673878228,High,False,-,-,-,-,A,Q,False
403,1.2516291673878228,High,False,-,-,-,-,N,E,False
404,1.4591479170272448,High,False,P,P,-,-,P,T,False
405,2.584962500721156,High,False,A,Q,D,G,M,I,False
406,1.7924812503605778,High,False,A,S,T,V,T,T,False
407,2.584962500721156,High,False,Q,L,V,P,T,E,False
408,1.2516291673878228,High,False,H,T,P,T,T,T,False
409,1.2516291673878228,High,False,D,T,T,T,I,T,False
410,1.9182958340544893,High,False,N,K,T,T,A,A,False
411,1.2516291673878228,High,False,P,P,L,P,P,T,False
412,1.9182958340544896,High,False,R,G,I,S,S,I,False
413,1.2516291673878228,High,False,N,P,P,P,P,I,False
414,2.2516291673878226,High,False,S,D,D,F,T,G,False
415,1.9182958340544896,High,False,P,N,T,P,M,T,False
416,2.584962500721156,High,False,T,S,M,I,-,N,False
417,1.2516291673878228,High,False,-,-,E,N,-,-,False
418,1.792481250360578,High,False,-,T,E,A,-,-,False
419,1.792481250360578,High,False,-,H,Q,R,-,-,False
420,2.2516291673878226,High,False,P,N,T,N,-,G,False
421,1.7924812503605778,High,False,P,T,T,T,-,N,False
422,2.251629167387823,High,False,S,P,S,D,-,N,False
423,2.2516291673878226,High,False,P,V,H,H,-,M,False
424,2.2516291673878226,High,False,I,Y,Y,T,-,Q,False
425,1.9182958340544893,High,False,E,K,E,K,T,I,False
426,1.2516291673878228,High,False,S,L,P,S,S,S,False
427,2.2516291673878226,High,False,D,D,P,F,E,T,False
428,1.2516291673878228,High,False,I,I,N,I,V,I,False
429,2.2516291673878226,High,False,T,S,I,G,D,G,False
430,2.584962500721156,High,False,D,E,S,L,N,T,False
431,2.584962500721156,High,False,S,A,R,E,N,G,False
432,2.251629167387823,High,False,T,T,N,G,V,L,False
433,1.9182958340544893,High,False,Q,Q,-,-,P,S,False
434,2.251629167387823,High,False,A,V,H,P,S,S,False
435,1.4591479170272448,High,False,E,E,Q,Q,E,S,False
436,1.4591479170272446,High,False,D,Q,E,E,Q,Q,False
437,2.584962500721156,High,False,L,H,R,D,P,I,False
438,1.9182958340544896,High,False,T,H,N,H,N,L,False
439,1.9182958340544896,High,False,H,R,N,S,N,S,False
440,1.7924812503605778,High,False,A,R,T,T,T,S,False
441,1.9182958340544893,High,False,D,T,A,T,A,S,False
442,2.2516291673878226,High,False,D,D,H,Q,S,P,False
443,1.792481250360578,High,False,P,N,P,P,I,T,False
444,-0.0,Low,False,	,	,	,	,	,	,False
445,-0.0,Low,False,4,4,4,4,4,4,False
446,1.0,High,False,0,1,0,0,1,1,False
447,2.2516291673878226,High,False,7,3,5,5,1,6,False
448,2.2516291673878226,High,False,S,D,E,A,E,M,False
449,2.2516291673878226,High,False,T,S,T,K,D,A,False
450,1.2516291673878228,High,False,-,-,-,-,S,P,False
451,2.251629167387823,High,False,I,T,L,T,P,S,False
452,1.9182958340544896,High,False,N,A,A,T,P,P,False
453,1.792481250360578,High,False,-,S,N,S,S,E,False
454,2.584962500721156,High,False,-,D,N,Q,A,T,False
455,2.2516291673878226,High,False,-,T,P,P,S,Q,False
456,1.9182958340544896,High,False,-,P,P,T,N,T,False
457,2.251629167387823,High,False,-,S,D,N,E,S,False
458,1.9182958340544896,High,False,S,A,N,S,T,T,False
459,1.2516291673878228,High,False,A,T,T,T,I,T,False
460,1.4591479170272446,High,False,T,T,T,E,Y,Y,False
461,2.584962500721156,High,False,E,A,P,S,H,T,False
462,2.251629167387823,High,False,E,A,S,T,S,P,False
463,2.251629167387823,High,False,S,G,T,T,E,K,False
464,1.4591479170272448,High,False,L,P,P,L,M,L,False
465,1.2516291673878228,High,False,P,P,P,N,D,P,False
466,2.251629167387823,High,False,E,K,Q,P,P,V,False
467,2.584962500721156,High,False,V,A,D,T,I,M,False
468,2.2516291673878226,High,False,G,E,G,S,Q,T,False
469,1.9182958340544893,High,False,G,N,E,E,G,T,False
470,2.584962500721156,High,False,I,T,R,P,S,E,False
471,1.9182958340544893,High,False,T,N,T,S,N,E,False
472,1.792481250360578,High,False,Q,T,S,S,N,S,False
473,1.792481250360578,High,False,V,S,S,R,S,-,False
474,2.584962500721156,High,False,P,K,H,G,A,-,False
475,1.7924812503605778,High,False,R,S,T,T,Q,T,False
476,1.7924812503605778,High,False,D,T,T,G,S,T,False
477,0.6500224216483541,Low,False,P,D,P,P,P,P,False
478,2.2516291673878226,High,False,E,F,S,S,Q,P,False
479,2.584962500721156,High,False,D,L,P,S,T,R,False
480,2.2516291673878226,High,False,P,D,R,P,K,N,False
481,1.9182958340544893,High,False,R,P,P,T,T,S,False
482,2.2516291673878226,High,False,I,A,V,V,T,P,False
483,1.4591479170272448,High,False,T,T,P,P,P,G,False
484,2.2516291673878226,High,False,L,T,T,N,A,S,False
485,1.4591479170272446,High,False,S,T,S,T,P,T,False
486,0.6500224216483541,Low,False,T,S,T,T,T,T,False
487,1.9182958340544896,High,False,P,P,I,E,T,E,False
488,2.251629167387823,High,False,P,Q,H,S,S,A,False
489,1.792481250360578,High,False,T,N,P,H,P,P,False
490,2.251629167387823,High,False,-,H,T,A,M,T,False
491,1.9182958340544896,High,False,S,S,T,E,T,L,False
492,2.2516291673878226,High,False,Q,-,R,L,Q,T,False
493,2.584962500721156,High,False,P,-,E,G,D,T,False
494,2.2516291673878226,High,False,E,-,T,K,P,P,False
495,2.2516291673878226,High,False,Q,-,H,T,Q,E,False
496,2.584962500721156,High,False,P,-,I,T,E,N,False
497,2.2516291673878226,High,False,S,-,P,P,T,I,False
498,1.7924812503605778,High,False,D,-,T,T,A,T,False
499,1.4591479170272446,High,False,N,-,T,T,N,T,False
500,2.584962500721156,High,False,T,E,M,L,S,A,False
501,2.251629167387823,High,False,M,T,T,P,S,V,False
502,1.9182958340544896,High,False,T,A,T,E,-,-,False
503,2.2516291673878226,High,False,P,G,S,Q,-,-,False
504,1.9182958340544893,High,False,G,N,H,H,-,-,False
505,2.2516291673878226,High,False,Q,N,D,T,-,-,False
506,2.2516291673878226,High,False,I,N,T,A,-,-,False
507,2.2516291673878226,High,False,H,T,D,A,-,-,False
508,-0.0,Low,False,	,	,	,	,	,	,False
509,-0.0,Low,False,4,4,4,4,4,4,False
510,-0.0,Low,False,6,6,6,6,6,6,False
511,1.7924812503605778,High,False,0,4,4,4,5,8,False
512,1.4591479170272448,High,False,S,H,S,S,K,K,False
513,2.584962500721156,High,False,E,H,N,A,P,-,False
514,2.584962500721156,High,False,S,Q,R,I,G,-,False
515,2.2516291673878226,High,False,A,D,P,P,T,-,False
516,2.584962500721156,High,False,A,T,N,R,S,-,False
517,1.792481250360578,High,False,P,G,P,A,P,T,False
518,2.2516291673878226,High,False,M,E,I,V,G,V,False
519,2.584962500721156,High,False,G,E,D,H,S,W,False
520,2.2516291673878226,High,False,E,S,I,P,A,P,False
521,2.2516291673878226,High,False,R,A,S,D,A,Q,False
522,1.4591479170272446,High,False,S,S,E,E,G,E,False
523,1.792481250360578,High,False,I,S,S,L,P,S,False
524,1.9182958340544896,High,False,D,G,T,S,S,T,False
525,2.2516291673878226,High,False,G,K,E,G,Q,S,False
526,1.2516291673878228,High,False,P,L,P,P,P,N,False
527,-0.0,Low,False,G,G,G,G,G,G,False
528,1.2516291673878228,High,False,L,L,P,F,L,L,False
529,1.4591479170272448,High,False,L,I,L,L,T,I,False
530,0.6500224216483541,Low,False,T,T,T,T,I,T,False
531,0.6500224216483541,Low,False,N,N,N,N,N,S,False
532,-0.0,Low,False,T,T,T,T,T,T,False
533,1.9182958340544893,High,False,L,I,T,I,V,V,False
534,1.9182958340544893,High,False,A,A,R,R,S,T,False
535,0.6500224216483541,Low,False,G,G,G,G,K,G,False
536,1.2516291673878228,High,False,V,V,A,V,V,I,False
537,1.2516291673878228,High,False,A,A,A,T,A,L,False
538,1.9182958340544896,High,False,R,G,N,N,D,G,False
539,0.9182958340544896,High,False,L,L,L,L,S,S,False
540,0.9182958340544896,High,False,I,I,L,L,L,L,False
541,1.2516291673878228,High,False,T,T,T,T,S,G,False
542,1.2516291673878228,High,False,G,G,G,G,P,L,False
543,2.251629167387823,High,False,A,G,S,S,T,R,False
544,1.2516291673878228,High,False,G,R,R,R,R,K,False
545,0.6500224216483541,Low,False,R,R,R,R,K,R,False
546,2.2516291673878226,High,False,A,T,T,K,Q,S,False
547,0.9182958340544896,High,False,K,R,R,R,K,R,False
548,-0.0,Low,False,R,R,R,R,R,R,False
549,1.7924812503605778,High,False,E,E,E,D,S,Q,False
550,1.7924812503605778,High,False,S,A,I,V,V,V,False
551,2.251629167387823,High,False,P,I,T,T,R,N,False
552,2.584962500721156,High,False,E,V,L,P,Q,T,False
553,1.4591479170272448,High,False,I,N,R,N,N,R,False
554,1.4591479170272448,High,False,R,A,T,T,T,A,False
555,1.7924812503605778,High,False,G,Q,Q,Q,A,T,False
556,1.9182958340544896,High,False,A,P,A,P,N,G,False
557,-0.0,Low,False,K,K,K,K,K,K,False
558,-0.0,Low,False,C,C,C,C,C,C,False
559,-0.0,Low,False,N,N,N,N,N,N,False
560,-0.0,Low,False,P,P,P,P,P,P,False
561,0.6500224216483541,Low,False,N,N,N,N,D,N,False
562,-0.0,Low,False,L,L,L,L,L,L,False
563,0.6500224216483541,Low,False,H,H,H,H,Y,H,False
564,-0.0,Low,False,Y,Y,Y,Y,Y,Y,False
565,-0.0,Low,False,W,W,W,W,W,W,False
566,-0.0,Low,False,T,T,T,T,T,T,False
567,1.0,High,False,T,T,T,A,A,A,False
568,1.7924812503605778,High,False,H,Q,Q,L,V,Q,False
569,0.9182958340544896,High,False,E,D,D,D,D,E,False
570,0.6500224216483541,Low,False,E,E,E,E,E,Q,False
571,1.2516291673878228,High,False,S,G,G,G,G,H,False
572,-0.0,Low,False,	,	,	,	,	,	,False
573,-0.0,Low,False,5,5,5,5,5,5,False
574,-0.0,Low,False,2,2,2,2,2,2,False
575,1.2516291673878228,High,False,0,4,4,4,5,4,False
576,0.6500224216483541,Low,False,A,A,A,A,A,N,False
577,-0.0,Low,False,A,A,A,A,A,A,False
578,1.4591479170272448,High,False,A,I,I,I,V,A,False
579,-0.0,Low,False,G,G,G,G,G,G,False
580,0.6500224216483541,Low,False,L,L,L,L,L,I,False
581,-0.0,Low,False,A,A,A,A,A,A,False
582,-0.0,Low,False,W,W,W,W,W,W,False
583,-0.0,Low,False,I,I,I,I,I,I,False
584,-0.0,Low,False,P,P,P,P,P,P,False
585,-0.0,Low,False,Y,Y,Y,Y,Y,Y,False
586,-0.0,Low,False,F,F,F,F,F,F,False
587,-0.0,Low,False,G,G,G,G,G,G,False
588,-0.0,Low,False,P,P,P,P,P,P,False
589,0.6500224216483541,Low,False,A,A,A,A,A,G,False
590,-0.0,Low,False,A,A,A,A,A,A,False
591,-0.0,Low,False,E,E,E,E,E,E,False
592,-0.0,Low,False,G,G,G,G,G,G,False
593,-0.0,Low,False,I,I,I,I,I,I,False
594,-0.0,Low,False,Y,Y,Y,Y,Y,Y,False
595,0.6500224216483541,Low,False,T,T,T,T,I,T,False
596,-0.0,Low,False,E,E,E,E,E,E,False
597,-0.0,Low,False,G,G,G,G,G,G,False
598,1.4591479170272448,High,False,L,L,I,I,V,L,False
599,-0.0,Low,False,M,M,M,M,M,M,False
600,1.2516291673878228,High,False,Q,H,H,E,H,H,False
601,-0.0,Low,False,N,N,N,N,N,N,False
602,-0.0,Low,False,Q,Q,Q,Q,Q,Q,False
603,-0.0,Low,False,N,N,N,N,N,N,False
604,1.2516291673878228,High,False,E,G,G,G,G,A,False
605,-0.0,Low,False,L,L,L,L,L,L,False
606,0.6500224216483541,Low,False,I,I,I,I,I,V,False
607,-0.0,Low,False,C,C,C,C,C,C,False
608,-0.0,Low,False,G,G,G,G,G,G,False
609,-0.0,Low,False,L,L,L,L,L,L,False
610,-0.0,Low,False,R,R,R,R,R,R,False
611,-0.0,Low,False,Q,Q,Q,Q,Q,Q,False
612,-0.0,Low,False,L,L,L,L,L,L,False
613,-0.0,Low,False,A,A,A,A,A,A,False
614,-0.0,Low,False,N,N,N,N,N,N,False
615,-0.0,Low,False,E,E,E,E,E,E,False
616,-0.0,Low,False,T,T,T,T,T,T,False
617,-0.0,Low,False,T,T,T,T,T,T,False
618,-0.0,Low,False,Q,Q,Q,Q,Q,Q,False
619,-0.0,Low,False,A,A,A,A,A,A,False
620,-0.0,Low,False,L,L,L,L,L,L,False
621,-0.0,Low,False,Q,Q,Q,Q,Q,Q,False
622,-0.0,Low,False,L,L,L,L,L,L,False
623,-0.0,Low,False,F,F,F,F,F,F,False
624,-0.0,Low,False,L,L,L,L,L,L,False
625,-0.0,Low,False,R,R,R,R,R,R,False
626,0.6500224216483541,Low,False,S,A,A,A,A,A,False
627,-0.0,Low,False,T,T,T,T,T,T,False
628,-0.0,Low,False,T,T,T,T,T,T,False
629,-0.0,Low,False,E,E,E,E,E,E,False
630,-0.0,Low,False,L,L,L,L,L,L,False
631,-0.0,Low,False,R,R,R,R,R,R,False
632,-0.0,Low,False,T,T,T,T,T,T,False
633,0.9182958340544896,High,False,F,F,F,F,Y,Y,False
634,0.6500224216483541,Low,False,S,S,S,S,S,T,False
635,0.6500224216483541,Low,False,I,I,I,I,L,I,False
636,-0.0,Low,False,	,	,	,	,	,	,False
637,-0.0,Low,False,5,5,5,5,5,5,False
638,-0.0,Low,False,8,8,8,8,8,8,False
639,1.2516291673878228,High,False,0,4,4,4,5,4,False
640,-0.0,Low,False,L,L,L,L,L,L,False
641,-0.0,Low,False,N,N,N,N,N,N,False
642,-0.0,Low,False,R,R,R,R,R,R,False
643,-0.0,Low,False,K,K,K,K,K,K,False
644,-0.0,Low,False,A,A,A,A,A,A,False
645,-0.0,Low,False,I,I,I,I,I,I,False
646,-0.0,Low,False,D,D,D,D,D,D,False
647,-0.0,Low,False,F,F,F,F,F,F,False
648,-0.0,Low,False,L,L,L,L,L,L,False
649,-0.0,Low,False,L,L,L,L,L,L,False
650,0.6500224216483541,Low,False,Q,Q,Q,Q,Q,R,False
651,-0.0,Low,False,R,R,R,R,R,R,False
652,-0.0,Low,False,W,W,W,W,W,W,False
653,-0.0,Low,False,G,G,G,G,G,G,False
654,-0.0,Low,False,G,G,G,G,G,G,False
655,-0.0,Low,False,T,T,T,T,T,T,False
656,-0.0,Low,False,C,C,C,C,C,C,False
657,1.0,High,False,R,H,H,H,R,R,False
658,-0.0,Low,False,I,I,I,I,I,I,False
659,-0.0,Low,False,L,L,L,L,L,L,False
660,-0.0,Low,False,G,G,G,G,G,G,False
661,-0.0,Low,False,P,P,P,P,P,P,False
662,0.6500224216483541,Low,False,D,D,D,D,S,D,False
663,-0.0,Low,False,C,C,C,C,C,C,False
664,-0.0,Low,False,C,C,C,C,C,C,False
665,-0.0,Low,False,I,I,I,I,I,I,False
666,-0.0,Low,False,E,E,E,E,E,E,False
667,-0.0,Low,False,P,P,P,P,P,P,False
668,0.6500224216483541,Low,False,H,H,H,Q,H,H,False
669,-0.0,Low,False,D,D,D,D,D,D,False
670,-0.0,Low,False,W,W,W,W,W,W,False
671,-0.0,Low,False,T,T,T,T,T,T,False
672,-0.0,Low,False,K,K,K,K,K,K,False
673,-0.0,Low,False,N,N,N,N,N,N,False
674,-0.0,Low,False,I,I,I,I,I,I,False
675,-0.0,Low,False,T,T,T,T,T,T,False
676,-0.0,Low,False,D,D,D,D,D,D,False
677,1.2516291673878228,High,False,R,K,K,K,E,K,False
678,-0.0,Low,False,I,I,I,I,I,I,False
679,0.9182958340544896,High,False,D,D,D,D,N,N,False
680,-0.0,Low,False,Q,Q,Q,Q,Q,Q,False
681,-0.0,Low,False,I,I,I,I,I,I,False
682,0.6500224216483541,Low,False,I,I,I,I,K,I,False
683,-0.0,Low,False,H,H,H,H,H,H,False
684,-0.0,Low,False,D,D,D,D,D,D,False
685,-0.0,Low,False,F,F,F,F,F,F,False
686,1.0,High,False,V,V,I,V,I,I,False
687,-0.0,Low,False,D,D,D,D,D,D,False
688,1.0,High,False,K,K,K,N,N,N,False
689,1.2516291673878228,High,False,P,T,P,N,P,P,False
690,-0.0,Low,False,L,L,L,L,L,L,False
691,-0.0,Low,False,P,P,P,P,P,P,False
692,0.9182958340544896,High,False,D,D,D,N,D,N,False
693,0.6500224216483541,Low,False,Q,Q,Q,Q,H,Q,False
694,2.2516291673878226,High,False,S,G,T,N,G,D,False
695,0.9182958340544896,High,False,N,D,D,D,D,N,False
696,1.4591479170272448,High,False,N,N,N,G,D,D,False
697,1.2516291673878228,High,False,D,D,D,S,L,D,False
698,-0.0,Low,False,N,N,N,N,N,N,False
699,0.6500224216483541,Low,False,W,W,W,W,L,W,False
700,-0.0,Low,False,	,	,	,	,	,	,False
701,-0.0,Low,False,6,6,6,6,6,6,False
702,-0.0,Low,False,4,4,4,4,4,4,False
703,1.2516291673878228,High,False,0,4,4,4,5,4,False
704,-0.0,Low,False,W,W,W,W,W,W,False
705,-0.0,Low,False,T,T,T,T,T,T,False
706,-0.0,Low,False,G,G,G,G,G,G,False
707,-0.0,Low,False,W,W,W,W,W,W,False
708,0.6500224216483541,Low,False,R,R,R,K,R,R,False
709,-0.0,Low,False,Q,Q,Q,Q,Q,Q,False
710,-0.0,Low,False,W,W,W,W,W,W,False
711,0.9182958340544896,High,False,I,I,V,V,I,I,False
712,-0.0,Low,False,P,P,P,P,P,P,False
713,-0.0,Low,False,A,A,A,A,A,A,False
714,-0.0,Low,False,G,G,G,G,G,G,False
715,-0.0,Low,False,I,I,I,I,I,I,False
716,-0.0,Low,False,G,G,G,G,G,G,False
717,0.9182958340544896,High,False,V,V,I,I,I,I,False
718,1.2516291673878228,High,False,V,T,T,T,I,T,False
719,-0.0,Low,False,G,G,G,G,G,G,False
720,0.6500224216483541,Low,False,V,V,V,V,V,I,False
721,-0.0,Low,False,I,I,I,I,I,I,False
722,0.6500224216483541,Low,False,A,I,I,I,I,I,False
723,-0.0,Low,False,A,A,A,A,A,A,False
724,1.4591479170272446,High,False,F,V,V,I,I,I,False
725,-0.0,Low,False,I,I,I,I,I,I,False
726,-0.0,Low,False,A,A,A,A,A,A,False
727,-0.0,Low,False,L,L,L,L,L,L,False
728,1.2516291673878228,High,False,I,F,L,L,L,L,False
729,-0.0,Low,False,C,C,C,C,C,C,False
730,0.6500224216483541,Low,False,I,I,I,I,I,V,False
731,-0.0,Low,False,C,C,C,C,C,C,False
732,-0.0,Low,False,K,K,K,K,K,K,False
733,1.4591479170272448,High,False,I,F,F,F,I,L,False
734,1.7924812503605778,High,False,I,V,L,M,L,L,False
735,1.4591479170272446,High,False,C,F,L,L,C,C,False
736,-0.0,Low,False,	,	,	,	,	,	,False
737,-0.0,Low,False,6,6,6,6,6,6,False
738,-0.0,Low,False,7,7,7,7,7,7,False
739,1.2516291673878228,High,False,2,6,6,6,7,6,False
